"Ключевое слово";"Слов";"Символов";"Частотность Весь мир";"""!Частотность !Весь !мир"""
"рекламное агенство";2;18;10557;541
"рим рекламное агенство";3;22;32;21
"рекламное агенство точка";3;24;48;22
"рекламное агенство пенза";3;24;69;23
"рекламное агенство это";3;22;52;21
"белгород рекламное агенство";3;27;63;23
"рекламное агенство рим";3;22;32;21
"рекламное агенство спб";3;22;73;29
"рекламное агенство белгород";3;27;63;23
"рекламное агенство сериал";3;25;34;24
"рекламное агенство саратов";3;26;79;22
"рекламное агенство абакан";3;25;45;35
"рекламное агенство курск";3;24;38;25
"рекламное агенство иваново";3;26;39;21
"сериал рекламное агенство";3;25;34;24
"рекламное агенство москва";3;25;178;75
"вакансии рекламное агенство";3;27;123;20
"рекламное агенство диана";3;24;97;16
"смоленск рекламное агенство";3;27;29;17
"рекламное агенство да";3;21;30;18
"рекламное агенство смоленск";3;27;29;17
"рекламное агенство калуга";3;25;36;17
"кострома рекламное агенство";3;27;24;17
"воронеж рекламное агенство";3;26;46;19
"рекламное агенство луганск";3;26;51;17
"рекламное агенство саранск";3;26;39;19
"калуга рекламное агенство";3;25;36;17
"рекламное агенство вакансии";3;27;121;19
"саранск рекламное агенство";3;26;39;19
"рекламное агенство кострома";3;27;24;17
"рекламное агенство калининград";3;30;35;18
"рекламное агенство донецк";3;25;55;20
"апельсин рекламное агенство";3;27;30;16
"рекламное агенство чита";3;23;25;12
"рекламное агенство воронеж";3;26;39;12
"рекламное агенство самолет";3;26;18;13
"рекламное агенство тамбов";3;25;32;12
"рекламное агенство восход";3;25;15;13
"чита рекламное агенство";3;23;25;12
"рекламное агенство ростов";3;25;83;14
"самолет рекламное агенство";3;26;18;13
"рекламное агенство владикавказ";3;30;38;14
"рекламное агенство логотип";3;26;14;13
"ростов рекламное агенство";3;25;83;14
"рекламное агенство сочи";3;23;39;14
"тамбов рекламное агенство";3;25;32;12
"восход рекламное агенство";3;25;17;14
"рекламное агенство апельсин";3;27;29;16
"рекламное агенство владивосток";3;30;22;12
"работа рекламное агенство";3;25;46;9
"актобе рекламное агенство";3;25;11;11
"тюмень рекламное агенство";3;25;24;11
"вологда рекламное агенство";3;26;30;10
"рекламное агенство липецк";3;25;23;11
"рекламное агенство работа";3;25;46;9
"рекламное агенство анапа";3;24;16;12
"липецк рекламное агенство";3;25;23;11
"рекламное агенство река";3;23;34;11
"рекламное агенство актобе";3;25;11;11
"рекламное агенство пятигорск";3;28;19;12
"рекламное агенство пермь";3;24;46;11
"рекламное агенство вологда";3;26;30;10
"рекламное агенство тюмень";3;25;24;11
"владивосток рекламное агенство";3;30;22;12
"рекламное агенство уфа";3;22;43;9
"рекламное агенство омск";3;23;22;8
"рекламное агенство краснодар";3;28;45;8
"орел рекламное агенство";3;23;14;9
"первое рекламное агенство";3;25;33;8
"рекламное агенство город";3;24;89;8
"рекламное агенство барнаул";3;26;28;8
"ставрополь рекламное агенство";3;29;23;9
"город рекламное агенство";3;24;92;8
"рекламное агенство слон";3;23;18;9
"рекламное агенство ярославль";3;28;52;8
"рекламное агенство волгоград";3;28;38;9
"рекламное агенство ставрополь";3;29;23;9
"рекламное агенство грозный";3;26;29;8
"рекламное агенство орел";3;23;14;9
"волгоград рекламное агенство";3;28;38;9
"рекламное агенство цвет";3;23;21;8
"рекламное агенство лабинск";3;26;13;6
"btl рекламное агенство";3;22;20;6
"рекламное агенство партнер";3;26;11;7
"рекламное агенство шымкент";3;26;18;6
"рекламное агенство сайт";3;23;41;6
"рекламное агенство мы";3;21;14;6
"рекламное агенство самара";3;25;29;7
"рекламное агенство волжск";3;25;9;7
"рекламное агенство владимир";3;27;23;7
"сайт рекламное агенство";3;23;41;6
"иркутск рекламное агенство";3;26;18;8
"самара рекламное агенство";3;25;29;7
"рекламное агенство нальчик";3;26;15;6
"рекламное агенство позитив";3;26;12;7
"рекламное агенство иркутск";3;26;18;8
"рекламное агенство продвижение";3;30;10;6
"рекламное агенство идея";3;23;16;5
"рекламное агенство казань";3;25;18;5
"рекламное агенство севастополь";3;30;23;5
"рекламное агенство крым";3;23;17;5
"идея рекламное агенство";3;23;20;5
"рекламное агенство сызрань";3;26;16;5
"рекламное агенство петрозаводск";3;31;7;6
"севастополь рекламное агенство";3;30;23;5
"рекламное агенство елец";3;23;6;6
"рекламное агенство март";3;23;19;5
"стерлитамак рекламное агенство";3;30;9;6
"рекламное агенство имидж";3;24;7;6
"крым рекламное агенство";3;23;17;5
"рекламное агенство екатеринбург";3;31;58;5
"рекламное агенство брест";3;24;9;6
"рекламное агенство балаково";3;27;16;5
"рекламное агенство креатив";3;26;13;4
"рекламное агенство челябинск";3;28;28;4
"рекламное агенство триумф";3;25;7;5
"рекламное агенство оренбург";3;27;18;4
"рекламное агенство зима";3;23;5;5
"креатив рекламное агенство";3;26;13;4
"рекламное агенство феодосия";3;27;11;5
"рекламное агенство рыбинск";3;26;6;5
"рекламное агенство братск";3;25;9;5
"рекламное агенство симферополь";3;30;33;4
"рекламное агенство макс";3;23;12;5
"братск рекламное агенство";3;25;9;5
"рекламное агенство ижевск";3;25;14;4
"рекламное агенство петра";3;24;7;5
"рекламное агенство магадан";3;26;13;5
"рекламное агенство махачкала";3;28;13;4
"рекламное агенство ооо";3;22;106;3
"рекламное агенство ярче";3;23;6;4
"договор рекламное агенство";3;26;9;4
"формула рекламное агенство";3;26;4;4
"престиж рекламное агенство";3;26;8;4
"горыныч рекламное агенство";3;26;4;4
"май рекламное агенство";3;22;11;4
"рекламное агенство престиж";3;26;8;4
"рекламное агенство онлайн";3;25;10;4
"рекламное агенство пирамида";3;27;8;4
"рекламное агенство астана";3;25;12;4
"рекламное агенство май";3;22;11;4
"рекламное агенство кмв";3;22;4;4
"кит рекламное агенство";3;22;9;4
"рекламное агенство орск";3;23;12;4
"ооо рекламное агенство";3;22;106;3
"альянс рекламное агенство";3;25;11;3
"рекламное агенство альянс";3;25;14;3
"рекламное агенство бренд";3;24;18;3
"рекламное агенство киров";3;24;13;3
"рекламное агенство томск";3;24;17;3
"рекламное агенство афиша";3;24;13;3
"буква рекламное агенство";3;24;24;3
"бренд рекламное агенство";3;24;18;3
"новосибирск рекламное агенство";3;30;24;3
"оренбург рекламное агенство";3;27;16;3
"рекламное агенство новосибирск";3;30;24;3
"рекламное агенство буква";3;24;24;3
"рекламное агенство формат";3;25;13;3
"рекламное агенство неон";3;23;22;3
"рекламное агенство минск";3;24;40;3
"рекламное агенство шахты";3;24;10;3
"волжский рекламное агенство";3;27;6;3
"рекламное агенство азов";3;23;7;3
"рекламное агенство нягань";3;25;9;3
"рекламное агенство максимум";3;27;7;3
"рекламное агенство старт";3;24;8;3
"рекламное агенство псков";3;24;6;3
"рекламное агенство обнинск";3;26;9;3
"рекламное агенство майкоп";3;25;9;3
"рекламное агенство заказ";3;24;9;3
"рекламное агенство кисловодск";3;29;7;3
"рекламное агенство феникс";3;25;10;3
"рекламное агенство ковров";3;25;9;3
"рекламное агенство новокузнецк";3;30;7;3
"рекламное агенство таганрог";3;27;9;3
"рекламное агенство папа";3;23;10;3
"рекламное агенство эверест";3;26;5;3
"рекламное агенство контакт";3;26;24;2
"рекламное агенство новое";3;24;32;2
"рекламное агенство лето";3;23;3;3
"новое рекламное агенство";3;24;32;2
"рекламное агенство москвы";3;25;178;2
"рекламное агенство полоцк";3;25;26;2
"рекламное агенство здесь";3;24;3;3
"рекламное агенство картинка";3;27;3;3
"рекламное агенство аксай";3;24;3;3
"рекламное агенство алматы";3;25;34;2
"популярное рекламное агенство";3;29;4;3
"рекламное агенство adv";3;22;3;3
"брянск рекламное агенство";3;25;28;2
"рекламное агенство вид";3;22;3;3
"рекламное агенство должности";3;28;4;3
"контакт рекламное агенство";3;26;24;2
"рекламное агенство линия";3;24;12;2
"кемерово рекламное агенство";3;27;14;2
"рекламное агенство мастер";3;25;16;2
"рекламное агенство эксперт";3;26;13;2
"детское рекламное агенство";3;26;14;2
"рекламное агенство вектор";3;25;12;2
"рекламное агенство брянск";3;25;21;2
"рекламное агенство нижневартовск";3;32;15;2
"рекламное агенство свои";3;23;17;2
"рекламное агенство дети";3;23;14;2
"рекламное агенство печать";3;25;22;2
"рекламное агенство вк";3;21;19;2
"рекламное агенство чебоксары";3;28;12;2
"стиль рекламное агенство";3;24;16;2
"рекламное агенство хабаровск";3;28;24;2
"юлия рекламное агенство";3;23;11;2
"рекламное агенство гатчина";3;26;3;2
"рекламное агенство жук";3;22;4;2
"рекламное агенство атом";3;23;6;2
"рекламное агенство тон";3;22;3;2
"рекламное агенство видео";3;24;6;2
"рекламное агенство выгодно";3;26;3;2
"рекламное агенство индиго";3;25;7;2
"рекламное агенство дельфин";3;26;6;2
"максима рекламное агенство";3;26;7;2
"рекламное агенство минусинск";3;28;4;2
"рекламное агенство модуль";3;25;10;2
"рекламное агенство рейтинг";3;26;7;2
"рекламное агенство цифра";3;24;3;2
"рекламное агенство альфа";3;24;7;2
"рекламное агенство время";3;24;11;2
"рекламное агенство виктори";3;26;3;2
"рекламное агенство мир";3;22;23;1
"рекламное агенство нова";3;23;33;1
"рекламное агенство тандем";3;25;2;2
"рекламное агенство самары";3;25;29;1
"рекламное агенство реклама";3;26;65;1
"рекламное агенство центр";3;24;27;1
"рекламное агенство вместе";3;25;2;2
"рекламное агенство медиа";3;24;91;1
"международное рекламное агенство";3;32;2;2
"рекламное агенство арт";3;22;60;1
"рекламное агенство специальности";3;32;2;2
"буденновск рекламное агенство";3;29;2;2
"рекламное агенство красноярск";3;29;27;1
"рекламное агенство уссурийск";3;28;2;2
"рекламное агенство гарантия";3;27;2;2
"рекламное агенство кадр";3;23;21;1
"рекламное агенство александр";3;28;18;1
"рекламное агенство лучшее";3;25;17;1
"рекламный проспект агенство";3;27;16;1
"рекламное агенство проспект";3;27;16;1
"рекламное агенство плюс";3;23;13;1
"рекламное агенство я";3;20;12;1
"рекламное агенство цена";3;23;11;1
"рекламное агенство маркетинг";3;28;11;1
"рекламное агенство сотрудники";3;29;11;1
"онлайн рекламное агенство";3;25;10;4
"рекламное агенство темиртау";3;27;10;3
"обнинск рекламное агенство";3;26;9;3
"баннер рекламное агенство";3;25;9;1
"тура рекламное агенство";3;23;9;1
"рекламное агенство европа";3;25;9;1
"рекламное агенство златоуст";3;27;9;1
"рекламное агенство кит";3;22;9;4
"рекламное агенство пушкин";3;25;9;1
"рекламное агенство ра";3;21;9;1
"рекламное агенство рост";3;23;9;1
"рекламное агенство стерлитамак";3;30;9;6
"рекламное агенство юлия";3;23;9;2
"продам рекламное агенство";3;25;8;1
"рекламное агенство арзамас";3;26;8;2
"рекламное агенство недвижимости";3;31;8;1
"рекламное агенство столица";3;26;8;1
"рекламное агенство типография";3;29;8;1
"рекламное агенство сфера";3;24;8;1
"хамелеон рекламное агенство";3;27;7;2
"имидж рекламное агенство";3;24;7;6
"рекламное агенство бизнес";3;25;7;1
"рекламное агенство благовещенск";3;31;7;1
"рекламное агенство максим";3;25;7;1
"рекламное агенство трафик";3;25;7;2
"рекламное агенство хамелеон";3;27;7;2
"рекламное агенство фото";3;23;7;1
"петра рекламное агенство";3;24;7;4
"арзамас рекламное агенство";3;26;6;2
"рекламное агенство волжский";3;27;6;3
"рекламное агенство названия";3;27;6;1
"рекламное агенство пинск";3;24;6;1
"рекламное агенство спектр";3;25;6;1
"рекламное агенство цех";3;22;6;1
"просто рекламное агенство";3;25;5;2
"рекламное агенство артем";3;24;5;1
"рекламное агенство блик";3;23;5;3
"рекламное агенство деятельность";3;31;5;1
"рекламное агенство лист";3;23;5;1
"рекламное агенство море";3;23;5;1
"рекламное агенство ника";3;23;5;1
"рекламное агенство просто";3;25;5;2
"рекламное агенство портал";3;25;5;1
"креативное рекламное агенство";3;29;5;1
"вариант рекламное агенство";3;26;4;1
"рекламное агенство алекс";3;24;4;1
"рекламное агенство автор";3;24;4;1
"рекламное агенство виктория";3;27;4;1
"рекламное агенство корона";3;25;4;1
"рекламное агенство кузнецк";3;26;4;1
"рекламное агенство мегаполис";3;28;4;1
"рекламное агенство перспектива";3;30;4;1
"рекламное агенство пятница";3;26;4;2
"рекламное агенство респект";3;26;4;1
"рекламное агенство тема";3;23;4;1
"рекламное агенство юг";3;21;4;1
"рекламное агенство структура";3;28;4;1
"рекламное агенство еж";3;21;4;4
"пятница рекламное агенство";3;26;4;2
"рубцовск рекламное агенство";3;27;3;2
"визитки рекламное агенство";3;26;3;1
"абрикос рекламное агенство";3;26;3;2
"фрегат рекламное агенство";3;25;3;1
"рекламное агенство абрикос";3;26;3;1
"рекламное агенство визитка";3;26;3;1
"рекламное агенство георгиевск";3;29;3;1
"рекламное агенство графика";3;26;3;1
"рекламное агенство звезда";3;25;3;1
"рекламное агенство ключ";3;23;3;1
"рекламное агенство мега";3;23;3;1
"рекламное агенство один";3;23;3;1
"рекламное агенство рубцовск";3;27;3;2
"рекламное агенство среда";3;24;3;1
"рекламное агенство специалист";3;29;3;1
"рекламное агенство оборудование";3;31;3;1
"pr рекламное агенство";3;21;3;1
"глобус рекламное агенство";3;25;2;2
"дата рекламное агенство";3;23;2;1
"бланк рекламное агенство";3;24;2;1
"создание рекламное агенство";3;27;2;1
"рекламное агенство авито";3;24;2;1
"рекламное агенство актив";3;24;2;1
"рекламное агенство альтернатива";3;31;2;1
"рекламное агенство ввв";3;22;2;1
"рекламное агенство весна";3;24;2;1
"рекламное агенство глобус";3;25;2;2
"рекламное агенство матрешка";3;27;2;1
"рекламное агенство олимп";3;24;2;1
"лео рекламное агенство";3;22;1;1
"adv рекламное агенство";3;22;1;1
"новомосковск рекламное агенство";3;31;1;1
"zebra рекламное агенство";3;24;1;1
"курс рекламное агенство";3;23;1;1
"рекламное агенство август";3;25;1;1
"рекламное агенство авалон";3;25;1;1
"рекламное агенство алмата";3;25;1;1
"рекламное агенство альметьевск";3;30;1;1
"рекламное агенство ветразі";3;26;1;1
"рекламное агенство ищет";3;23;1;1
"рекламное агенство киев";3;23;1;1
"рекламное агенство клен";3;23;1;1
"рекламное агенство контраст";3;27;1;1
"рекламное агенство лбл";3;22;1;1
"рекламное агенство оквэд";3;24;1;1
"рекламное агенство определение";3;30;1;1
"рекламное агенство перфект";3;26;1;1
"рекламное агенство полиграфия";3;29;1;1
"рекламное агенство профессии";3;28;1;1
"рекламное агенство рославль";3;27;1;1
"рекламное агенство слоган";3;25;1;1
"рекламное агенство сотрудничество";3;33;1;1
"рекламное агенство украина";3;26;1;1
"рекламное агенство фокус";3;24;1;1
"рекламное агенство царь";3;23;1;1
"рекламное агенство шоколад";3;26;1;1
"рекламное агенство юрга";3;23;1;1
"рекламное агенство развитие";3;27;1;1
"презентация рекламное агенство";3;30;1;1
"индекс рекламное агенство";3;25;1;1
"1с рекламное агенство";3;21;1;1
"в рекламное агенство";3;20;491;0
"рекламная агенство в";3;20;469;0
"рекламное агенство в";3;20;469;0
"рекламное агенство на";3;21;201;0
"на рекламное агенство";3;21;201;0
"рекламная агенство москва";3;25;178;0
"рекламные агенство москвы";3;25;178;0
"рекламные агенство москва";3;25;178;0
"вакансия рекламное агенство";3;27;123;0
"рекламное агенство вакансия";3;27;121;0
"рекламном агенство вакансии";3;27;121;0
"рекламное агенство отзывы";3;25;94;0
"рекламное агенство отзыв";3;24;94;0
"медиа рекламное агенство";3;24;91;1
"рекламное медиа агенство";3;24;91;1
"рекламные агенство ростов";3;25;83;0
"рекламное агенство ростова";3;26;80;0
"саратов рекламное агенство";3;26;79;22
"рекламное агенство саратова";3;27;79;0
"рекламное агенство саратове";3;27;79;0
"рекламные агенство спб";3;22;73;0
"рекламное агенство пензы";3;24;69;0
"рекламные агенство пенза";3;24;69;0
"рекламный агенство пензы";3;24;69;0
"пенза рекламное агенство";3;24;69;23
"реклама рекламного агенство";3;27;65;0
"реклама рекламное агенство";3;26;65;1
"рекламное агенство рекламах";3;27;65;0
"рекламное агенство белгорода";3;28;63;0
"рекламное агенство белгороде";3;28;63;0
"рекламные агенство белгород";3;27;63;0
"рекламное агенство что";3;22;62;0
"рекламное агенство арта";3;23;60;0
"рекламное агенство екатеринбурга";3;32;58;0
"рекламное агенство екатеринбурге";3;32;58;0
"рекламные агенство екатеринбург";3;31;58;0
"екатеринбург рекламное агенство";3;31;58;5
"екатеринбург рекламные агенство";3;31;58;0
"рекламное агенство г";3;20;55;0
"рекламное агенство донецка";3;26;55;0
"арта рекламное агенство";3;23;54;0
"арт рекламное агенство";3;22;54;1
"донецк рекламное агенство";3;25;54;20
"рекламное агенство ярославля";3;28;52;0
"ярославль рекламное агенство";3;28;52;8
"рекламное агенство луганска";3;27;51;0
"рекламные агенство луганска";3;27;51;0
"рекламное агенство для";3;22;48;0
"рекламное агенство перми";3;24;46;0
"рекламные агенство пермь";3;24;46;0
"воронеж рекламная агенство";3;26;46;0
"пермь рекламное агенство";3;24;46;11
"рекламное агенство абакана";3;26;45;0
"рекламное агенство краснодаре";3;29;45;0
"рекламное агенство краснодара";3;29;45;0
"рекламные агенство абакана";3;26;45;0
"рекламные агенство краснодара";3;29;45;0
"краснодар рекламное агенство";3;28;45;8
"рекламное агенство уфы";3;22;43;0
"рекламные агенство уфы";3;22;43;0
"уфа рекламное агенство";3;22;43;9
"рекламное агенство минска";3;25;40;0
"рекламное агенство воронеже";3;27;39;0
"рекламное агенство воронежа";3;27;39;0
"рекламное агенство саранска";3;27;39;0
"рекламные агенство воронеж";3;26;39;0
"агенство рекламное иваново";3;26;39;21
"сочи рекламное агенство";3;23;39;14
"иваново рекламное агенство";3;26;39;21
"курск рекламное агенство";3;24;38;25
"рекламная агенство курск";3;24;38;0
"рекламное агенство владикавказа";3;31;38;0
"рекламное агенство курска";3;25;38;0
"рекламное агенство волгограда";3;29;38;0
"рекламные агенство владикавказ";3;30;38;0
"рекламные агенство курска";3;25;38;0
"владикавказ рекламное агенство";3;30;37;14
"рекламное агенство групп";3;24;36;0
"рекламное агенство калуги";3;25;36;0
"рекламное агенство по";3;21;36;0
"рекламные агенство калуги";3;25;36;0
"рекламное агенство калининграда";3;31;35;0
"media рекламное агенство";3;24;35;0
"калининград рекламное агенство";3;30;35;18
"алматы рекламное агенство";3;25;34;2
"рекламное агенство media";3;24;34;0
"рекламный агенство алматы";3;25;34;0
"рекламные агенство алматы";3;25;34;0
"рекламная агенство алматы";3;25;34;0
"река рекламное агенство";3;23;34;11
"рекам рекламное агенство";3;24;34;0
"симферополь рекламное агенство";3;30;33;4
"нова рекламное агенство";3;23;33;1
"рекламная агенство нова";3;23;33;0
"рекламное агенство первый";3;25;33;0
"рекламное агенство первое";3;25;33;8
"рекламное агенство первая";3;25;33;0
"рекламное агенство симферополя";3;30;33;0
"1 рекламное агенство";3;20;32;0
"рекламное агенство дон";3;22;32;0
"рекламное агенство ново";3;23;32;1
"рекламное агенство новый";3;24;32;0
"рекламное агенство тамбова";3;26;32;0
"апельсин рекламная агенство";3;27;30;0
"вывески рекламное агенство";3;26;30;0
"рекламное агенство 1";3;20;30;0
"рекламное агенство вологды";3;26;30;0
"рекламная агенство вологда";3;26;30;0
"грозный рекламное агенство";3;26;29;8
"рекламные агенство самара";3;25;29;0
"рекламные агенство смоленск";3;27;29;0
"рекламное агенство м";3;20;29;1
"рекламное агенство нижний";3;25;29;0
"рекламное агенство самар";3;24;29;0
"рекламное агенство самаре";3;25;29;0
"рекламное агенство смоленска";3;28;29;0
"агенство рекламное адреса";3;25;29;0
"барнаул рекламное агенство";3;26;28;8
"ип рекламное агенство";3;21;28;0
"челябинск рекламное агенство";3;28;28;4
"красноярск рекламное агенство";3;29;28;1
"про рекламное агенство";3;22;28;0
"рекламное агенство адрес";3;24;28;0
"рекламное агенство про";3;22;28;0
"рекламные агенство адрес";3;24;28;0
"рекламное агенство челябинска";3;29;28;0
"рекламное агенство вывески";3;26;27;0
"рекламное агенство ип";3;21;27;0
"рекламное агенство полоцка";3;26;26;0
"владимир рекламное агенство";3;27;25;7
"рекламное агенство занимается";3;29;25;0
"рекламное агенство полно";3;24;25;0
"рекламное агенство полного";3;26;25;0
"рекламное агенство читы";3;23;25;0
"открываем рекламное агенство";3;28;24;0
"открыт рекламное агенство";3;25;24;0
"открыть рекламное агенство";3;26;24;0
"открыть рекламной агенство";3;26;24;0
"рекламное агенство букв";3;23;24;0
"рекламное агенство костромы";3;27;24;0
"рекламное агенство новосибирска";3;31;24;0
"рекламное агенство открыть";3;26;24;0
"рекламное агенство регион";3;25;24;0
"рекламное агенство тюмени";3;25;24;0
"рекламное агенство хабаровска";3;29;24;0
"рекламная агенство тюмень";3;25;24;0
"рекламное агенство открываем";3;28;24;0
"рекламном агенство тюмень";3;25;24;0
"рекламные агенство новосибирск";3;30;24;0
"рекламные агенство новосибирска";3;31;24;0
"рекламные агенство тюмени";3;25;24;0
"рекламные агенство тюмень";3;25;24;0
"рекламные агенство хабаровска";3;29;24;0
"рекламные агенство хабаровск";3;28;24;0
"рекламные агенство костромы";3;27;24;0
"регион рекламное агенство";3;25;24;0
"хабаровск рекламное агенство";3;28;24;2
"мир рекламное агенство";3;22;23;1
"рекламная агенство севастополь";3;30;23;0
"рекламная агенство ставрополь";3;29;23;0
"рекламное агенство владимира";3;28;23;0
"рекламное агенство липецка";3;26;23;0
"рекламное агенство мира";3;23;23;0
"рекламное агенство севастополе";3;30;23;0
"рекламное агенство ставрополе";3;29;23;0
"рекламное агенство ставрополя";3;29;23;0
"рекламные агенство севастополь";3;30;23;0
"рекламные агенство ставрополь";3;29;23;0
"рекламное агенство севастополя";3;30;23;0
"омск рекламное агенство";3;23;22;8
"7 рекламное агенство";3;20;22;0
"рекламное агенство омска";3;24;22;0
"рекламное агенство омске";3;24;22;0
"рекламное агенство печати";3;25;22;0
"анапа рекламное агенство";3;24;21;12
"казань рекламное агенство";3;25;21;5
"казань рекламной агенство";3;25;21;0
"казань рекламные агенство";3;25;21;0
"рекламное агенство брянска";3;26;21;0
"рекламные агенство брянск";3;25;21;0
"рекламные агенство брянска";3;26;21;0
"какое рекламное агенство";3;24;21;0
"рекламное btl агенство";3;22;20;6
"рекламное агенство btl";3;22;20;6
"рекламное агенство цикла";3;24;20;0
"btl агенство рекламное";3;22;20;6
"btl рекламные агенство";3;22;20;0
"март рекламное агенство";3;23;19;5
"пятигорск рекламное агенство";3;28;19;12
"рекламная агенство пятигорск";3;28;19;0
"рекламное агенство принт";3;24;19;0
"принт рекламная агенство";3;24;19;0
"компания рекламное агенство";3;27;18;1
"слон рекламное агенство";3;23;18;9
"рекламная агенство казань";3;25;18;0
"рекламное информационное агенство";3;33;18;0
"рекламное агенство александра";3;29;18;0
"рекламное агенство александров";3;30;18;0
"рекламное агенство иркутске";3;27;18;0
"рекламное агенство казани";3;25;18;0
"рекламное агенство красны";3;25;18;0
"рекламное агенство оренбурга";3;28;18;0
"рекламное агенство россия";3;25;18;0
"рекламное агенство россии";3;25;18;0
"рекламные агенство иркутск";3;26;18;0
"рекламные агенство казани";3;25;18;0
"рекламные агенство оренбург";3;27;18;0
"рекламное агенство иркутска";3;27;18;0
"информационно рекламное агенство";3;32;18;0
"информационное рекламное агенство";3;33;18;0
"стар рекламное агенство";3;23;17;0
"старейшее рекламное агенство";3;28;17;0
"новгород рекламное агенство";3;27;17;0
"свое рекламное агенство";3;23;17;0
"рекламное агенство крыма";3;24;17;0
"рекламное агенство свое";3;23;17;0
"рекламное агенство стар";3;23;17;0
"рекламное агенство томска";3;25;17;0
"рекламное агенство томске";3;25;17;0
"рекламное агенство хорошо";3;25;17;0
"рекламное агенство новгород";3;27;17;0
"лучшее рекламное агенство";3;25;17;1
"лучший рекламное агенство";3;25;17;0
"хорошо рекламное агенство";3;25;17;0
"томск рекламное агенство";3;24;17;3
"проспект рекламное агенство";3;27;16;1
"рекламная агенство идея";3;23;16;0
"рекламное агенство 3";3;20;16;0
"рекламное агенство анапы";3;24;16;0
"рекламное агенство идеи";3;23;16;0
"рекламное агенство мастера";3;26;16;0
"рекламное агенство стиль";3;24;16;2
"рекламное агенство сызрани";3;26;16;0
"мастер рекламная агенство";3;25;16;0
"мастер рекламное агенство";3;25;16;2
"мастера рекламное агенство";3;26;16;0
"нижневартовск рекламное агенство";3;32;15;2
"гродно рекламное агенство";3;25;15;4
"нальчик рекламное агенство";3;26;15;6
"рекламное агенство газета";3;25;15;0
"рекламное агенство кирова";3;25;15;0
"рекламные агенство нальчик";3;26;15;0
"рекламное агенство банеры";3;25;15;0
"рекламное агенство банеров";3;26;15;0
"рекламное агенство банер";3;24;15;0
"рекламное агенство фильм";3;24;15;2
"детские рекламное агенство";3;26;14;0
"детские рекламные агенство";3;26;14;0
"детская рекламное агенство";3;26;14;0
"детской рекламное агенство";3;26;14;0
"ижевск рекламное агенство";3;25;14;4
"рекламные агенство кемерово";3;27;14;0
"рекламные агенство орел";3;23;14;0
"рекламные агенство орла";3;23;14;0
"рекламное агенство 7";3;20;14;0
"рекламное агенство детское";3;26;14;2
"рекламное агенство детей";3;24;14;0
"рекламное агенство ижевска";3;26;14;0
"рекламное агенство ижевске";3;26;14;0
"рекламное агенство к";3;20;14;0
"рекламное агенство кемерово";3;27;14;2
"рекламное агенство нами";3;23;14;0
"рекламное агенство а";3;20;14;0
"рекламное 7 агенство";3;20;14;0
"агенство рекламное ижевск";3;25;14;4
"мы рекламное агенство";3;21;14;6
"логотип рекламное агенство";3;26;14;13
"логотипы рекламное агенство";3;27;14;0
"прома рекламное агенство";3;24;13;0
"киров рекламное агенство";3;24;13;3
"афиша рекламное агенство";3;24;13;3
"рекламное агенство крупное";3;26;13;0
"рекламное агенство крупнейшее";3;29;13;0
"рекламное агенство студия";3;25;13;0
"рекламное агенство то";3;21;13;0
"рекламное агенство та";3;21;13;0
"формат рекламное агенство";3;25;13;3
"крупнейшее рекламное агенство";3;29;13;0
"крупнейшие рекламные агенство";3;29;13;0
"крупное рекламное агенство";3;26;13;0
"агенство рекламное агентство";3;28;13;0
"наклейка рекламное агенство";3;27;12;2
"макс рекламное агенство";3;23;12;5
"чебоксары рекламное агенство";3;28;12;2
"веко рекламное агенство";3;23;12;0
"века рекламное агенство";3;23;12;0
"позитив рекламное агенство";3;26;12;7
"рекламная агенство линия";3;24;12;0
"рекламная агенство чебоксары";3;28;12;0
"рекламное агенство век";3;22;12;0
"рекламное агенство веко";3;23;12;0
"рекламное агенство директор";3;27;12;0
"рекламное агенство клиенты";3;26;12;0
"рекламное агенство клиент";3;25;12;0
"рекламное агенство наклейки";3;27;12;1
"рекламное агенство орска";3;24;12;0
"рекламное агенство суть";3;23;12;0
"партнер рекламное агенство";3;26;11;7
"партнеры рекламное агенство";3;27;11;0
"актобе рекламные агенство";3;25;11;0
"время рекламное агенство";3;24;11;2
"агенство рекламное таганрог";3;27;11;4
"рекламное агенство знак";3;23;11;0
"рекламное агенство изготовление";3;31;11;0
"рекламное агенство из";3;21;11;0
"рекламное агенство партнеры";3;27;11;0
"рекламное агенство цены";3;23;11;0
"знаки рекламное агенство";3;24;11;0
"знак рекламное агенство";3;23;11;0
"анна рекламное агенство";3;23;10;3
"продвижение рекламное агенство";3;30;10;6
"проект рекламное агенство";3;25;10;0
"продвижение агенство рекламное";3;30;10;6
"папа рекламное агенство";3;23;10;3
"шахты рекламное агенство";3;24;10;3
"вектор рекламное агенство";3;25;10;2
"феникс рекламное агенство";3;25;10;3
"агенство рекламный вектор";3;25;10;0
"рекламное агенство пап";3;22;10;0
"рекламное агенство проекты";3;26;10;0
"рекламное агенство проект";3;25;10;0
"рекламное агенство продвижения";3;30;10;0
"рекламное агенство шахт";3;23;10;0
"рекламное агенство шахтах";3;25;10;0
"рекламные агенство шахты";3;24;10;0
"рекламное агенство беларусь";3;27;10;0
"диалог рекламное агенство";3;25;9;0
"наружная рекламное агенство";3;27;9;0
"наружное рекламное агенство";3;27;9;0
"радио рекламное агенство";3;24;9;0
"ра рекламное агенство";3;21;9;1
"ковров рекламное агенство";3;25;9;3
"бизнес рекламное агенство";3;25;9;1
"майкоп рекламное агенство";3;25;9;3
"таганрог рекламное агенство";3;27;9;3
"промо рекламное агенство";3;24;9;0
"пушкин рекламное агенство";3;25;9;1
"европа рекламное агенство";3;25;9;1
"киты рекламное агенство";3;23;9;0
"нягань рекламное агенство";3;25;9;3
"агенство рекламный век";3;22;9;0
"рекламное агенство ru";3;21;9;0
"рекламное агенство бреста";3;25;9;0
"рекламное агенство братска";3;26;9;0
"рекламное агенство договор";3;26;9;4
"рекламное агенство договоры";3;27;9;0
"рекламное агенство киты";3;23;9;0
"рекламное агенство майкопе";3;26;9;0
"рекламное агенство майкопа";3;26;9;0
"рекламное агенство могилев";3;26;9;0
"рекламное агенство наружная";3;27;9;0
"рекламное агенство наружно";3;26;9;0
"рекламное агенство наружной";3;27;9;0
"рекламное агенство нягани";3;25;9;0
"рекламное агенство радио";3;24;9;0
"рекламное агенство стерлитамаке";3;31;9;0
"рекламное агенство стерлитамака";3;31;9;0
"рекламное агенство таганрога";3;28;9;0
"рекламное промо агенство";3;24;9;0
"рекламное радио агенство";3;24;9;0
"рекламное тур агенство";3;22;9;0
"рекламные агенство таганрога";3;28;9;0
"рекламное агенство час";3;22;9;0
"рекламное агенство таганроге";3;28;9;0
"рекламное агенство промо";3;24;9;0
"рост рекламная агенство";3;23;9;0
"рост рекламное агенство";3;23;9;1
"златоуст рекламное агенство";3;27;9;1
"продаю рекламное агенство";3;25;8;0
"типография рекламное агенство";3;29;8;1
"колибри рекламное агенство";3;26;8;0
"art рекламное агенство";3;22;8;0
"создать рекламное агенство";3;26;8;0
"4 рекламное агенство";3;20;8;0
"ваше рекламное агенство";3;23;8;0
"аврора рекламное агенство";3;25;8;0
"столица рекламное агенство";3;26;8;1
"сфера рекламное агенство";3;24;8;1
"рекламное агенство тренды";3;25;8;0
"рекламные агенство арзамас";3;26;8;0
"рекламное агенство бриф";3;23;8;3
"рекламное агенство 4";3;20;8;0
"рекламное агенство art";3;22;8;0
"рекламное агенство арзамаса";3;27;8;0
"рекламное агенство баннер";3;25;8;1
"рекламное агенство во";3;21;8;0
"рекламное агенство волна";3;24;8;0
"рекламное агенство колибри";3;26;8;0
"рекламное агенство кунгур";3;25;8;0
"рекламное агенство ольги";3;24;8;0
"рекламное агенство недвижимость";3;31;8;0
"рекламное агенство ольга";3;24;8;0
"рекламное агенство пластик";3;26;8;0
"рекламное агенство пластика";3;27;8;0
"рекламное агенство сервис";3;25;8;0
"рекламный продукт агенство";3;26;8;0
"рекламное агенство баннеры";3;26;8;0
"русское рекламное агенство";3;26;8;0
"петрозаводске рекламное агенство";3;32;7;0
"питер рекламное агенство";3;24;7;0
"петрозаводск рекламное агенство";3;31;7;6
"дельфин рекламное агенство";3;26;7;2
"благовещенск рекламное агенство";3;31;7;1
"максим рекламное агенство";3;25;7;1
"максимум рекламное агенство";3;27;7;3
"максимум агенство рекламное";3;27;7;3
"офисы рекламное агенство";3;24;7;0
"тв рекламное агенство";3;21;7;0
"кисловодск рекламные агенство";3;29;7;0
"кисловодск рекламное агенство";3;29;7;3
"новокузнецк рекламное агенство";3;30;7;3
"интернет рекламное агенство";3;27;7;0
"индиго рекламное агенство";3;25;7;2
"ветрази рекламное агенство";3;26;7;0
"городское рекламное агенство";3;28;7;0
"red рекламное агенство";3;22;7;0
"фото рекламное агенство";3;23;7;1
"рекламное фото агенство";3;23;7;1
"рекламное агенство 18";3;21;7;0
"рекламное агенство 5";3;20;7;0
"рекламное агенство red";3;22;7;0
"рекламное агенство альф";3;23;7;0
"рекламное агенство благовещенска";3;32;7;0
"рекламное агенство ветрази";3;26;7;0
"рекламное агенство максима";3;26;7;2
"рекламное агенство новокузнецка";3;31;7;0
"рекламное агенство офис";3;23;7;0
"рекламное агенство петрозаводска";3;32;7;0
"рекламное агенство питера";3;25;7;0
"рекламное агенство петрозаводске";3;32;7;0
"рекламное агенство питер";3;24;7;0
"рекламное агенство тв";3;21;7;0
"рекламное агенство фасады";3;25;7;0
"рекламные агенство новокузнецк";3;30;7;0
"рекламные агенство петрозаводск";3;31;7;0
"рекламное агенство аврора";3;25;7;0
"рекламные агенство питер";3;24;7;0
"рейтинг рекламное агенство";3;26;7;2
"дизайн рекламное агенство";3;25;6;0
"лица рекламное агенство";3;23;6;0
"название рекламного агенство";3;28;6;0
"название рекламное агенство";3;27;6;0
"видео рекламное агенство";3;24;6;2
"технологии рекламное агенство";3;29;6;0
"атырау рекламное агенство";3;25;6;0
"стенд рекламное агенство";3;24;6;1
"организация рекламное агенство";3;30;6;0
"модели рекламное агенство";3;25;6;0
"ярко рекламное агенство";3;23;6;0
"рыбинск рекламное агенство";3;26;6;5
"елец рекламное агенство";3;23;6;6
"псков рекламное агенство";3;24;6;3
"агенство рекламные технологии";3;29;6;0
"агенство рекламной технологии";3;29;6;0
"агенство рекламных технологий";3;29;6;0
"агенство рекламных технологии";3;29;6;0
"спектр рекламное агенство";3;25;6;1
"специализирующееся рекламное агенство";3;37;6;0
"рекламное агенство ангарск";3;26;6;0
"рекламное агенство ангарске";3;27;6;0
"рекламное агенство атырау";3;25;6;0
"рекламное агенство выбирай";3;26;6;0
"рекламное агенство дизайн";3;25;6;0
"рекламное агенство жлобин";3;25;6;0
"рекламное агенство лицо";3;23;6;0
"рекламное агенство модель";3;25;6;0
"рекламное агенство моделей";3;26;6;0
"рекламное агенство название";3;27;6;0
"рекламное агенство ником";3;24;6;0
"рекламное агенство новополоцк";3;29;6;0
"рекламное агенство пример";3;25;6;0
"рекламное агенство пскова";3;25;6;0
"рекламное агенство санкт";3;24;6;0
"рекламное агенство стенды";3;25;6;0
"рекламное агенство технология";3;29;6;0
"рекламное агенство ханты";3;24;6;0
"рекламное агенство щиты";3;23;6;0
"рекламное агенство ярко";3;23;6;0
"рекламные агенство санкт";3;24;6;0
"рекламные агенство атырау";3;25;6;0
"рекламные агенство спектр";3;25;6;0
"рекламный агенство атырау";3;25;6;0
"рекламная агенство атырау";3;25;6;0
"рекламное агенство технологии";3;29;6;0
"рекламное агенство модели";3;25;6;0
"рекламное агенство promo";3;24;6;0
"рекламное агенство интернет";3;27;5;0
"рекламное агенство другие";3;25;5;0
"рекламное агенство календарь";3;28;5;0
"рекламное агенство листовка";3;27;5;0
"рекламное агенство листовки";3;27;5;0
"рекламное агенство марка";3;24;5;0
"рекламное агенство междуреченск";3;31;5;0
"рекламное агенство междуреченска";3;32;5;0
"рекламное агенство петропавловск";3;32;5;0
"рекламное агенство промоутеров";3;30;5;0
"рекламное агенство промоутер";3;28;5;0
"рекламное агенство промоутеры";3;29;5;0
"рекламное агенство тайм";3;23;5;0
"рекламное агенство тагила";3;25;5;0
"рекламные интернет агенство";3;27;5;0
"рекламное интернет агенство";3;27;5;0
"рекламное креативное агенство";3;29;5;1
"рекламные агенство больше";3;25;5;0
"рекламное агенство решение";3;26;5;0
"рекламное агенство нике";3;23;5;0
"рекламное агенство года";3;23;5;0
"междуреченск рекламное агенство";3;31;5;0
"нике рекламное агенство";3;23;5;0
"наше рекламное агенство";3;23;5;0
"лого рекламное агенство";3;23;5;0
"промоутер рекламное агенство";3;28;5;0
"эверест рекламное агенство";3;26;5;3
"экспресс рекламное агенство";3;27;5;3
"листовка рекламное агенство";3;27;5;0
"альфа рекламное агенство";3;24;5;2
"содействие рекламное агенство";3;29;5;0
"великая рекламное агенство";3;26;5;0
"календарь рекламное агенство";3;28;5;0
"море рекламное агенство";3;23;5;1
"агенство рекламных листовок";3;27;5;0
"рекламная агенство корона";3;25;4;0
"рекламная агенство юг";3;21;4;0
"рекламное агенство a";3;20;4;0
"рекламное агенство i";3;20;4;0
"рекламное агенство алекса";3;25;4;0
"рекламное агенство богородск";3;28;4;0
"рекламное агенство вариант";3;26;4;1
"рекламное агенство витрина";3;26;4;0
"рекламное агенство дали";3;23;4;0
"рекламное агенство коты";3;23;4;0
"рекламное агенство кот";3;22;4;0
"рекламное агенство лиды";3;23;4;0
"рекламное агенство лифт";3;23;4;0
"рекламное агенство лица";3;23;4;0
"рекламное агенство менеджер";3;27;4;0
"рекламное агенство наталья";3;26;4;0
"рекламное агенство натальи";3;26;4;0
"рекламное агенство описание";3;27;4;0
"рекламное агенство практик";3;26;4;0
"рекламное агенство практика";3;27;4;0
"рекламное агенство размещение";3;29;4;0
"рекламное агенство рекламма";3;27;4;0
"рекламное агенство телевидение";3;30;4;0
"рекламное агенство формула";3;26;4;4
"южное рекламное агенство";3;24;4;0
"рекламодатель рекламное агенство";3;32;4;0
"респект рекламное агенство";3;26;4;1
"рекламное агенство дана";3;23;4;0
"менеджер рекламное агенство";3;27;4;0
"мегаполис рекламная агенство";3;28;4;0
"мегаполис рекламное агенство";3;28;4;1
"мегаполисе агенство рекламное";3;29;4;0
"практика рекламное агенство";3;27;4;0
"e рекламное агенство";3;20;4;0
"должность рекламное агенство";3;28;4;0
"виктория рекламное агенство";3;27;4;1
"кот рекламное агенство";3;22;4;0
"лифт агенство рекламное";3;23;4;0
"лифт рекламное агенство";3;23;4;0
"размещение рекламное агенство";3;29;4;0
"разместить рекламное агенство";3;29;4;0
"художник рекламное агенство";3;27;4;0
"дана рекламное агенство";3;23;4;0
"жук рекламное агенство";3;22;4;2
"перспектива рекламное агенство";3;30;4;1
"фирмы рекламное агенство";3;24;4;0
"рука рекламное агенство";3;23;4;0
"агенство рекламное вариант";3;26;4;1
"структура рекламное агенство";3;28;4;1
"структура рекламного агенство";3;29;4;0
"рекламное агенство прайс";3;24;3;0
"рекламное агенство производство";3;31;3;0
"рекламное агенство профессионал";3;31;3;0
"рекламное агенство ролики";3;25;3;0
"рекламное агенство рубцовске";3;28;3;0
"рекламное агенство свет";3;23;3;0
"рекламное агенство специалиста";3;30;3;0
"рекламное агенство спрос";3;24;3;0
"рекламное агенство услуги";3;25;3;0
"рекламное агенство уральск";3;26;3;0
"рекламное агенство фрегат";3;25;3;1
"рекламное агенство характеристика";3;33;3;0
"рекламное агенство яндекса";3;26;3;0
"рекламная агенство профессионал";3;31;3;0
"рекламная агенство производство";3;31;3;0
"рекламное ивент агенство";3;24;3;0
"рекламное pr агенство";3;21;3;1
"рекламное агенство гоголя";3;25;3;0
"рекламное агенство 100";3;22;3;0
"рекламное агенство digital";3;26;3;0
"рекламное агенство pr";3;21;3;1
"рекламное агенство банк";3;23;3;0
"рекламное агенство визитки";3;26;3;1
"рекламное агенство виды";3;23;3;0
"рекламное агенство ейск";3;23;3;0
"рекламное агенство иван";3;23;3;0
"рекламное агенство картинки";3;27;3;0
"рекламное агенство коде";3;23;3;0
"рекламное агенство королев";3;26;3;0
"рекламное агенство лидер";3;24;3;0
"рекламное агенство леонов";3;25;3;0
"рекламное агенство магазин";3;26;3;0
"рекламное агенство московская";3;29;3;0
"рекламное агенство основа";3;25;3;2
"рекламное агенство прайсы";3;25;3;0
"рекламное агенство подарки";3;26;3;0
"рекламное агенство победа";3;25;3;0
"рекламной агенство лето";3;23;3;0
"рекламные агенство pr";3;21;3;0
"рекламный агенство королеве";3;27;3;0
"рекламное агенство балашиха";3;27;3;0
"республика рекламное агенство";3;29;3;0
"рекламное агенство площадь";3;26;3;0
"рекламное агенство визиток";3;26;3;0
"успешное рекламное агенство";3;27;3;0
"мега рекламное агенство";3;23;3;1
"digital рекламное агенство";3;26;3;0
"юридически рекламное агенство";3;29;3;0
"прайс рекламное агенство";3;24;3;0
"балашиха рекламное агенство";3;27;3;0
"звезда рекламное агенство";3;25;3;1
"директ рекламное агенство";3;25;3;0
"визитка рекламное агенство";3;26;3;1
"назвать рекламное агенство";3;26;3;0
"производству рекламное агенство";3;31;3;0
"производство рекламное агенство";3;31;3;0
"гатчина рекламное агенство";3;26;3;2
"выгодно рекламное агенство";3;26;3;2
"профессионал рекламное агенство";3;31;3;0
"основа рекламного агенство";3;26;3;0
"графика рекламное агенство";3;26;3;1
"таблички рекламное агенство";3;27;3;1
"среда рекламное агенство";3;24;3;1
"спрос рекламное агенство";3;24;3;0
"агенство рекламная площадь";3;26;3;0
"агенство рекламное телевидение";3;30;3;0
"агенство рекламное дело";3;23;3;0
"агенство рекламный услуг";3;24;3;0
"агенство рекламных услуг";3;24;3;0
"ключ рекламное агенство";3;23;3;1
"август рекламное агенство";3;25;3;1
"авалон рекламное агенство";3;25;3;3
"лидер рекламное агенство";3;24;3;0
"леонов рекламное агенство";3;25;3;0
"картинки рекламное агенство";3;27;3;0
"московское рекламное агенство";3;29;3;0
"олимп рекламное агенство";3;24;2;1
"маленькое рекламное агенство";3;28;2;0
"малое рекламное агенство";3;24;2;0
"продажа рекламного агенство";3;27;2;0
"продажа рекламное агенство";3;26;2;0
"открытие рекламного агенство";3;28;2;0
"вместе рекламное агенство";3;25;2;2
"вита рекламное агенство";3;23;2;0
"балашов рекламное агенство";3;26;2;1
"фабрика рекламная агенство";3;26;2;0
"нужно рекламное агенство";3;24;2;0
"уссурийск рекламное агенство";3;28;2;2
"любое рекламное агенство";3;24;2;0
"федеральное рекламное агенство";3;30;2;0
"ветер рекламное агенство";3;24;2;0
"ввв рекламное агенство";3;22;2;1
"весна рекламное агенство";3;24;2;1
"альтернатив рекламное агенство";3;30;2;0
"альтернатива рекламное агенство";3;31;2;1
"рекламное агенство дизайнеры";3;28;2;0
"рекламное агенство кокшетау";3;27;2;0
"рекламное агенство коммуникаций";3;31;2;0
"рекламное агенство костанай";3;27;2;0
"рекламное агенство купить";3;25;2;0
"рекламное агенство куплю";3;24;2;0
"рекламное агенство матрешки";3;27;2;0
"рекламное агенство менеджмент";3;29;2;0
"рекламное агенство спутник";3;26;2;0
"рекламное агенство быстро";3;25;2;0
"рекламное агенство one";3;22;2;0
"рекламное агенство вита";3;23;2;0
"рекламное агенство германия";3;27;2;0
"рекламное агенство дагестан";3;27;2;0
"рекламное агенство дизайнера";3;28;2;0
"рекламное агенство документы";3;28;2;0
"рекламное агенство инфо";3;23;2;0
"рекламное агенство казахстан";3;28;2;0
"рекламное агенство караганда";3;28;2;0
"рекламное агенство мед";3;22;2;0
"рекламное агенство оборот";3;25;2;0
"рекламное агенство отделы";3;25;2;0
"рекламное агенство открытие";3;27;2;0
"рекламное агенство парус";3;24;2;0
"рекламное агенство премиум";3;26;2;0
"рекламное агенство продажа";3;26;2;0
"рекламное агенство процесс";3;26;2;0
"рекламное агенство результат";3;28;2;0
"рекламное агенство реквизиты";3;28;2;0
"рекламное агенство рынок";3;24;2;0
"рекламное агенство сатурн";3;25;2;0
"рекламное агенство система";3;26;2;0
"рекламное агенство создание";3;27;2;1
"рекламное агенство сша";3;22;2;0
"рекламное агенство текст";3;24;2;0
"рекламное агенство тип";3;22;2;0
"рекламное агенство туризм";3;25;2;0
"рекламное агенство фабрика";3;26;2;0
"рекламное агенство фреш";3;23;2;0
"рекламный агенство авито";3;24;2;0
"рекламное агенство 51";3;21;2;0
"рекламное агенство apple";3;24;2;0
"рекламное агенство up";3;21;2;0
"рекламное агенство zoom";3;23;2;0
"рекламное агенство билборд";3;26;2;0
"рекламное агенство буденновск";3;29;2;2
"рекламное агенство буденновске";3;30;2;0
"результат рекламное агенство";3;28;2;0
"парус рекламное агенство";3;24;2;0
"тандем рекламное агенство";3;25;2;2
"агенство рекламные караганды";3;28;2;0
"актив рекламное агенство";3;24;2;1
"германия рекламное агенство";3;27;2;0
"спутник рекламное агенство";3;26;2;0
"премиум рекламное агенство";3;26;2;0
"фреш рекламное агенство";3;23;2;0
"главный рекламное агенство";3;26;2;0
"российские рекламные агенство";3;29;2;0
"российское рекламное агенство";3;29;2;0
"дизайнер рекламное агенство";3;27;2;0
"найти рекламное агенство";3;24;2;0
"купим рекламное агенство";3;24;2;0
"куплю рекламное агенство";3;24;2;0
"купить рекламное агенство";3;25;2;0
"система рекламное агенство";3;26;2;0
"авилон рекламное агенство";3;25;2;0
"караганда рекламное агенство";3;28;2;0
"чем занимается рекламное агенство";4;33;21;19
"как работает рекламное агенство";4;31;14;13
"рекламное агенство полного цикла";4;32;19;9
"рекламное агенство улан удэ";4;27;11;10
"рекламное агенство в севастополе";4;32;9;9
"рекламное агенство нижний новгород";4;34;15;8
"рекламное агенство старый оскол";4;31;7;6
"рекламное агенство в москве";4;27;14;5
"что такое рекламное агенство";4;28;5;5
"рекламное агенство в саранске";4;29;5;5
"как открыть рекламное агенство";4;30;9;7
"рекламное агенство для детей";4;28;8;4
"вакансии в рекламное агенство";4;29;8;4
"рекламное агенство в алматы";4;27;9;3
"как создать рекламное агенство";4;30;8;6
"рекламное агенство в минске";4;27;7;3
"рекламное агенство в пензе";4;26;6;3
"рекламное агенство москва вакансии";4;34;6;4
"рекламное агенство усть каменогорск";4;35;5;3
"менеджер в рекламное агенство";4;29;4;3
"рекламное агенство в грозном";4;28;4;3
"рекламное агенство в донецке";4;28;4;3
"бизнес план рекламное агенство";4;30;3;3
"рекламное агенство в иваново";4;28;3;3
"рекламное агенство чем занимается";4;33;21;19
"рекламное агенство что это";4;26;11;2
"что делает рекламное агенство";4;29;10;5
"21 век рекламное агенство";4;25;9;4
"рекламное агенство 21 век";4;25;9;4
"рекламное агенство как открыть";4;30;9;7
"рекламное агенство в саратове";4;29;8;2
"рекламное агенство наружная реклама";4;35;7;2
"рекламное агенство в белгороде";4;30;5;2
"рекламное агенство ханты мансийск";4;33;5;2
"рекламное агенство в луганске";4;29;3;2
"рекламное агенство времена года";4;31;3;3
"рекламное агенство новое время";4;30;3;3
"монтажник в рекламное агенство";4;30;2;2
"рекламное агенство в балаково";4;29;2;2
"рекламное агенство в барнауле";4;29;2;2
"рекламное агенство в балашихе";4;29;2;2
"рекламное агенство в воронеже";4;29;2;2
"рекламное агенство в екатеринбурге";4;34;2;2
"рекламное агенство в сызрани";4;28;2;2
"рекламное агенство г оренбург";4;29;2;2
"рекламное агенство да златоуст";4;30;2;2
"рекламное агенство на волне";4;27;2;2
"работа в рекламное агенство";4;27;13;1
"улан удэ рекламное агенство";4;27;11;10
"рекламное агенство в городе";4;27;11;1
"рекламное агенство москва работа";4;32;9;1
"дети в рекламное агенство";4;25;6;1
"вакансии рекламное агенство москва";4;34;6;4
"сотрудники в рекламное агенство";4;31;6;1
"рекламное агенство в ростове";4;28;4;1
"рекламное агенство добрый день";4;30;4;1
"времена года рекламное агенство";4;31;3;3
"рекламное агенство в краснодаре";4;31;3;1
"рекламное агенство в питере";4;27;3;1
"рекламное агенство во владивостоке";4;34;3;1
"рекламное агенство во владимире";4;31;3;1
"рекламное агенство наш город";4;28;3;1
"рекламное агенство по печати";4;28;3;1
"нижний тагил рекламное агенство";4;31;2;1
"рекламное агенство бизнес реклама";4;33;2;1
"рекламное агенство в пятигорске";4;31;2;1
"рекламное агенство все просто";4;29;2;1
"рекламное агенство г владимир";4;29;2;1
"рекламное агенство вакансии минск";4;33;2;1
"рекламное агенство в оренбурге";4;30;2;1
"r i рекламное агенство";4;22;2;1
"великий новгород рекламное агенство";4;35;1;1
"структура организации рекламное агенство";4;40;1;1
"как назвать рекламное агенство";4;30;1;1
"рекламное агенство база данных";4;30;1;1
"рекламное агенство в ангарске";4;29;1;1
"рекламное агенство в брянске";4;28;1;1
"рекламное агенство в кокшетау";4;29;1;1
"рекламное агенство в коврове";4;28;1;1
"рекламное агенство в казани";4;27;1;1
"рекламное агенство в караганде";4;30;1;1
"рекламное агенство в липецке";4;28;1;1
"рекламное агенство в нальчике";4;29;1;1
"рекламное агенство в омске";4;26;1;1
"рекламное агенство в самаре";4;27;1;1
"рекламное агенство в ставрополе";4;31;1;1
"рекламное агенство в таганроге";4;30;1;1
"рекламное агенство в чебоксарах";4;31;1;1
"рекламное агенство в чите";4;25;1;1
"рекламное агенство да саранск";4;29;1;1
"рекламное агенство к медиа";4;26;1;1
"рекламное агенство как сделать";4;30;1;1
"рекламное агенство минеральные воды";4;35;1;1
"рекламное агенство на пушкина";4;29;1;1
"рекламное агенство торговая марка";4;33;1;1
"рекламное агенство в магадане";4;29;1;1
"рекламное агенство в калининграде";4;33;1;1
"резюме в рекламное агенство";4;27;1;1
"рекламное агенство рекламный город";4;34;89;0
"рекламное агенство это агенство";4;31;52;11
"агенство для рекламных агенств";4;30;49;0
"рекламное агенство рекламная группа";4;35;36;0
"чем занимается рекламная агенство";4;33;21;0
"чем занимаются рекламное агенство";4;33;21;1
"рекламное агенство рекламный дом";4;32;20;0
"рекламные агенство полного цикла";4;32;19;0
"рекламное агенство полно цикла";4;30;19;0
"рекламное агенство полный цикл";4;30;17;0
"рекламное агенство полного цикл";4;31;17;0
"нижний новгород рекламное агенство";4;34;15;8
"рекламное агенство нижнего новгорода";4;36;15;0
"рекламном агенство нижний новгород";4;34;15;0
"рекламное агенство нижнем новгороде";4;35;15;0
"рекламная агенство в москве";4;27;14;0
"рекламное агенство как работать";4;31;14;0
"рекламное агенство в газету";4;27;12;0
"в городе рекламное агенство";4;27;11;1
"рекламное агенство город в";4;26;11;0
"рекламные агенство улан удэ";4;27;11;0
"работа рекламное агенство москва";4;32;9;1
"как открыть рекламный агенство";4;30;9;0
"как открыт рекламное агенство";4;29;9;0
"рекламное агенство работа москва";4;32;9;1
"рекламная агенство в алматы";4;27;9;0
"рекламный агенство в севастополе";4;32;9;0
"рекламные агенство в алматы";4;27;9;0
"рекламное агенство в севастополь";4;32;9;0
"рекламные агенство для детей";4;28;8;0
"рекламные агенство в саратове";4;29;8;0
"рекламное агенство для ребенка";4;30;8;0
"рекламное агенство рекламный сервис";4;35;8;0
"наружная реклама рекламное агенство";4;35;7;2
"старый оскол рекламное агенство";4;31;7;6
"устроилась в рекламное агенство";4;31;7;0
"рекламное агенство города москвы";4;32;7;0
"рекламное агенство наружной рекламы";4;35;7;0
"рекламное агенство наружней рекламы";4;35;7;0
"рекламное агенство старого оскола";4;33;7;0
"рекламное агенство город москва";4;31;7;0
"вакансии рекламное агенство москвы";4;34;6;0
"москва рекламное агенство вакансии";4;34;6;4
"рекламное агенство 2 города";4;27;6;0
"рекламное агенство в а";4;22;6;0
"рекламное агенство в новополоцке";4;32;6;0
"рекламное агенство в пенза";4;26;6;0
"рекламное агенство в полоцке";4;28;6;0
"рекламное агенство вакансии москва";4;34;6;4
"рекламное агенство на ленина";4;28;6;0
"рекламное агенство рекламные технологии";4;39;6;0
"рекламные технологии рекламное агенство";4;39;6;0
"рекламные агенство москвы вакансий";4;34;6;0
"рекламное агенство полоцк новополоцк";4;36;6;0
"рекламное агенство вакансии москве";4;34;6;0
"рекламное агенство санкт петербурга";4;35;5;0
"рекламное агенство усть каменогорске";4;36;5;0
"рекламные агенство в белгороде";4;30;5;0
"рекламный агенство усть каменогорск";4;35;5;0
"рекламное агенство санкт петербург";4;34;5;2
"реклама и рекламное агенство";4;28;5;0
"усть каменогорск рекламное агенство";4;35;5;3
"что такое рекламная агенство";4;28;5;0
"рекламное агенство в новгород";4;29;4;0
"рекламное агенство в новгороде";4;30;4;0
"рекламное агенство в петропавловске";4;35;4;0
"рекламное агенство в ростов";4;27;4;0
"рекламное агенство в хабаровске";4;31;4;0
"рекламное агенство как создать";4;30;4;3
"рекламное агенство нижний тагил";4;31;4;1
"рекламные агенство в нижнем";4;27;4;0
"рекламные агенство нижнего тагила";4;33;4;0
"рекламное агенство г ковров";4;27;4;4
"рекламное агенство в хабаровски";4;31;4;0
"добрый день рекламное агенство";4;30;4;1
"добрый день рекламный агенство";4;30;4;0
"нижнего тагила рекламное агенство";4;33;4;0
"открыть свое рекламное агенство";4;31;4;2
"м арт рекламное агенство";4;24;4;0
"хочу в рекламное агенство";4;25;4;0
"распространение листовок рекламное агенство";4;43;4;0
"заказ в рекламное агенство";4;26;4;0
"фильм про рекламное агенство";4;28;4;2
"фильмы про рекламное агенство";4;29;4;0
"рекламное агенство рекламные ролики";4;35;3;0
"рекламное агенство рекламный ход";4;32;3;0
"рекламное агенство с принт";4;26;3;0
"рекламное агенство это мы";4;25;3;0
"рекламное агенство pr агенство";4;30;3;2
"рекламное агенство бизнес план";4;30;3;3
"рекламное агенство в контакте";4;29;3;0
"рекламное агенство в г";4;22;3;0
"рекламное агенство в иванове";4;28;3;0
"рекламное агенство в симферополе";4;32;3;0
"рекламные агенство в краснодаре";4;31;3;0
"рекламные агенство в симферополе";4;32;3;0
"бизнес план рекламного агенство";4;31;3;0
"бизнес планы рекламное агенство";4;31;3;0
"бизнес планы рекламного агенство";4;32;3;0
"да рекламное агенство казань";4;28;3;3
"в рекламное агенство симферополя";4;32;3;0
"какое рекламное агенство выбрать";4;32;3;0
"оренбург в рекламное агенство";4;29;2;0
"ханты мансийск рекламное агенство";4;33;2;2
"златоуст рекламное агенство да";4;30;2;2
"оборудования для рекламного агенство";4;36;2;0
"оборудования для рекламных агенство";4;35;2;0
"7 дней рекламное агенство";4;25;2;0
"реклама про рекламное агенство";4;30;2;0
"рекламное агенство за нами";4;26;2;1
"рекламное агенство и компании";4;29;2;0
"рекламное агенство лучший день";4;30;2;0
"рекламное агенство на советской";4;31;2;0
"рекламное агенство наши клиенты";4;31;2;0
"рекламное агенство по маркетингу";4;32;2;0
"рекламное агенство рекламные материалы";4;38;2;0
"рекламное агенство сайты москва";4;31;2;0
"рекламное агенство ханты мансийска";4;34;2;0
"рекламное агенство в воронежи";4;29;2;0
"рекламное агенство в германии";4;29;2;0
"рекламное агенство в движении";4;29;2;0
"рекламные агенство в пятигорске";4;31;2;0
"рекламный агенство в шымкенте";4;29;2;0
"рекламный текст рекламное агенство";4;34;2;0
"рекламное агенство в пятигорск";4;30;2;0
"рекламное агенство в челябинске";4;31;2;0
"рекламное агенство в шымкенте";4;29;2;0
"рекламное агенство ваша реклама";4;31;2;0
"рекламное агенство дом рекламы";4;30;2;0
"рекламное агенство есть идея";4;28;2;0
"рекламное агенство на радио";4;27;2;0
"рекламное агенство по дизайну";4;29;2;0
"рекламное агенство фирменный стиль";4;34;2;0
"рекламное агенство что необходимо";4;33;2;0
"рекламной агенство в оренбурге";4;30;2;0
"рекламные агенство в воронеже";4;29;2;0
"рекламные агенство в оренбурге";4;30;2;0
"рекламное агенство в мире";4;25;2;0
"агенство рекламное в анапе";4;26;2;2
"агенство рекламных нижний тагил";4;31;2;0
"как попасть рекламное агенство";4;30;2;0
"да рекламное агенство златоуста";4;31;2;0
"рекламное агенство ростов на дону";5;33;32;7
"как открыть свое рекламное агенство";5;35;2;2
"первое рекламное агенство в сша";5;31;2;2
"ростов на дону рекламное агенство";5;33;32;7
"как создать свое рекламное агенство";5;35;1;1
"рекламное агенство в усть каменогорске";5;38;1;1
"рекламное агенство ростова на дону";5;34;32;0
"рекламное агенство ростове на дону";5;34;32;0
"рекламные агенство ростова на дону";5;34;32;0
"в рекламное агенство в москве";5;29;15;0
"рекламное агенство в нижнем новгороде";5;37;4;0
"рекламные агенство в нижнем новгороде";5;37;4;0
"рекламное агенство все для всех";5;31;3;0
"рекламное агенство реклама в газетах";5;36;2;0
"рекламное агенство в хорошем качестве";5;37;2;0
"как попасть в рекламное агенство";5;32;2;0
"рекламное агенство в ростове на дону";6;36;3;2
"рекламное агенство из рук в руки";6;32;3;0
"рекламные агенство в ростове на дону";6;36;3;0
"устроиться на работу в рекламное агенство";6;41;2;0
"рекламное агенство из в рук в руки";7;34;3;0
